{
  "id": "pf2e-point-tracker",
  "title": "PF2E Point Tracker",
  "manifest": "https://github.com/tcabanski/pf2e-point-tracker/releases/latest/download/module.json",
  "download": "https://github.com/tcabanski/pf2e-point-tracker/releases/download/v1.0.0/module.zip",
  "version": "1.0.0",
  "compatibility": {
    "minimum": "12",
    "verified": "12"
  },
  "authors": [
    {
      "name": "Author 1",
      "email": "tom@oldmadmage.com",
      "discord": "oldmadmage",
      "flags": {}
    }
  ],
  "packs": [
    {
      "name": "point-tracker",
      "label": "Point Tracker",
      "path": "packs/point-tracker",
      "type": "Item",
      "ownership": {
        "PLAYER": "OBSERVER",
        "ASSISTANT": "OWNER"
      },
      "system": "pf2e",
      "flags": {}
    }
  ]
}